Ref_Date,GEO,TRAV,Vector,Coordinate,Value
1972/01,Canada,Total non-resident travellers,v125184,1.2,1379519
1972/02,Canada,Total non-resident travellers,v125184,1.2,1431063
1972/03,Canada,Total non-resident travellers,v125184,1.2,1739676
1972/04,Canada,Total non-resident travellers,v125184,1.2,2098156
1972/05,Canada,Total non-resident travellers,v125184,1.2,2987394
1972/06,Canada,Total non-resident travellers,v125184,1.2,4254545
1972/07,Canada,Total non-resident travellers,v125184,1.2,6987169
1972/08,Canada,Total non-resident travellers,v125184,1.2,6583003
1972/09,Canada,Total non-resident travellers,v125184,1.2,3628550
1972/10,Canada,Total non-resident travellers,v125184,1.2,2473249
1972/11,Canada,Total non-resident travellers,v125184,1.2,1855704
1972/12,Canada,Total non-resident travellers,v125184,1.2,1730150
1973/01,Canada,Total non-resident travellers,v125184,1.2,1508870
1973/02,Canada,Total non-resident travellers,v125184,1.2,1496932
1973/03,Canada,Total non-resident travellers,v125184,1.2,1859570
1973/04,Canada,Total non-resident travellers,v125184,1.2,2344516
1973/05,Canada,Total non-resident travellers,v125184,1.2,3038201
1973/06,Canada,Total non-resident travellers,v125184,1.2,4448501
1973/07,Canada,Total non-resident travellers,v125184,1.2,6896788
1973/08,Canada,Total non-resident travellers,v125184,1.2,6824473
1973/09,Canada,Total non-resident travellers,v125184,1.2,3681081
1973/10,Canada,Total non-resident travellers,v125184,1.2,2589142
1973/11,Canada,Total non-resident travellers,v125184,1.2,1865690
1973/12,Canada,Total non-resident travellers,v125184,1.2,1735382
1974/01,Canada,Total non-resident travellers,v125184,1.2,1428826
1974/02,Canada,Total non-resident travellers,v125184,1.2,1479261
1974/03,Canada,Total non-resident travellers,v125184,1.2,1773884
1974/04,Canada,Total non-resident travellers,v125184,1.2,2186514
1974/05,Canada,Total non-resident travellers,v125184,1.2,2951718
1974/06,Canada,Total non-resident travellers,v125184,1.2,4236090
1974/07,Canada,Total non-resident travellers,v125184,1.2,6320431
1974/08,Canada,Total non-resident travellers,v125184,1.2,6765296
1974/09,Canada,Total non-resident travellers,v125184,1.2,3211782
1974/10,Canada,Total non-resident travellers,v125184,1.2,2439716
1974/11,Canada,Total non-resident travellers,v125184,1.2,1890138
1974/12,Canada,Total non-resident travellers,v125184,1.2,1713754
1975/01,Canada,Total non-resident travellers,v125184,1.2,1455230
1975/02,Canada,Total non-resident travellers,v125184,1.2,1454913
1975/03,Canada,Total non-resident travellers,v125184,1.2,1842890
1975/04,Canada,Total non-resident travellers,v125184,1.2,1861161
1975/05,Canada,Total non-resident travellers,v125184,1.2,3127165
1975/06,Canada,Total non-resident travellers,v125184,1.2,4343860
1975/07,Canada,Total non-resident travellers,v125184,1.2,6286320
1975/08,Canada,Total non-resident travellers,v125184,1.2,6589034
1975/09,Canada,Total non-resident travellers,v125184,1.2,2931139
1975/10,Canada,Total non-resident travellers,v125184,1.2,2429405
1975/11,Canada,Total non-resident travellers,v125184,1.2,1912627
1975/12,Canada,Total non-resident travellers,v125184,1.2,1676053
1976/01,Canada,Total non-resident travellers,v125184,1.2,1422130
1976/02,Canada,Total non-resident travellers,v125184,1.2,1452947
1976/03,Canada,Total non-resident travellers,v125184,1.2,1580295
1976/04,Canada,Total non-resident travellers,v125184,1.2,2126663
1976/05,Canada,Total non-resident travellers,v125184,1.2,2881071
1976/06,Canada,Total non-resident travellers,v125184,1.2,3857986
1976/07,Canada,Total non-resident travellers,v125184,1.2,6070231
1976/08,Canada,Total non-resident travellers,v125184,1.2,5690906
1976/09,Canada,Total non-resident travellers,v125184,1.2,3253348
1976/10,Canada,Total non-resident travellers,v125184,1.2,2285357
1976/11,Canada,Total non-resident travellers,v125184,1.2,1648157
1976/12,Canada,Total non-resident travellers,v125184,1.2,1539141
1977/01,Canada,Total non-resident travellers,v125184,1.2,1226023
1977/02,Canada,Total non-resident travellers,v125184,1.2,1307006
1977/03,Canada,Total non-resident travellers,v125184,1.2,1643109
1977/04,Canada,Total non-resident travellers,v125184,1.2,2092445
1977/05,Canada,Total non-resident travellers,v125184,1.2,2909356
1977/06,Canada,Total non-resident travellers,v125184,1.2,3760218
1977/07,Canada,Total non-resident travellers,v125184,1.2,6022633
1977/08,Canada,Total non-resident travellers,v125184,1.2,5513363
1977/09,Canada,Total non-resident travellers,v125184,1.2,3234261
1977/10,Canada,Total non-resident travellers,v125184,1.2,2280276
1977/11,Canada,Total non-resident travellers,v125184,1.2,1676398
1977/12,Canada,Total non-resident travellers,v125184,1.2,1533407
1978/01,Canada,Total non-resident travellers,v125184,1.2,1138895
1978/02,Canada,Total non-resident travellers,v125184,1.2,1347061
1978/03,Canada,Total non-resident travellers,v125184,1.2,1750784
1978/04,Canada,Total non-resident travellers,v125184,1.2,1897529
1978/05,Canada,Total non-resident travellers,v125184,1.2,2795516
1978/06,Canada,Total non-resident travellers,v125184,1.2,3941941
1978/07,Canada,Total non-resident travellers,v125184,1.2,5988980
1978/08,Canada,Total non-resident travellers,v125184,1.2,5580176
1978/09,Canada,Total non-resident travellers,v125184,1.2,3206556
1978/10,Canada,Total non-resident travellers,v125184,1.2,2271452
1978/11,Canada,Total non-resident travellers,v125184,1.2,1722945
1978/12,Canada,Total non-resident travellers,v125184,1.2,1628987
1979/01,Canada,Total non-resident travellers,v125184,1.2,1221913
1979/02,Canada,Total non-resident travellers,v125184,1.2,1308706
1979/03,Canada,Total non-resident travellers,v125184,1.2,1715559
1979/04,Canada,Total non-resident travellers,v125184,1.2,1968498
1979/05,Canada,Total non-resident travellers,v125184,1.2,2663695
1979/06,Canada,Total non-resident travellers,v125184,1.2,3955764
1979/07,Canada,Total non-resident travellers,v125184,1.2,5444248
1979/08,Canada,Total non-resident travellers,v125184,1.2,5480617
1979/09,Canada,Total non-resident travellers,v125184,1.2,3315989
1979/10,Canada,Total non-resident travellers,v125184,1.2,2379681
1979/11,Canada,Total non-resident travellers,v125184,1.2,1900355
1979/12,Canada,Total non-resident travellers,v125184,1.2,1847197
1980/01,Canada,Total non-resident travellers,v125184,1.2,1617599
1980/02,Canada,Total non-resident travellers,v125184,1.2,1858843
1980/03,Canada,Total non-resident travellers,v125184,1.2,2172810
1980/04,Canada,Total non-resident travellers,v125184,1.2,2643016
1980/05,Canada,Total non-resident travellers,v125184,1.2,3721001
1980/06,Canada,Total non-resident travellers,v125184,1.2,4589514
1980/07,Canada,Total non-resident travellers,v125184,1.2,6244420
1980/08,Canada,Total non-resident travellers,v125184,1.2,6555342
1980/09,Canada,Total non-resident travellers,v125184,1.2,3682289
1980/10,Canada,Total non-resident travellers,v125184,1.2,2975004
1980/11,Canada,Total non-resident travellers,v125184,1.2,2373851
1980/12,Canada,Total non-resident travellers,v125184,1.2,2230318
1981/01,Canada,Total non-resident travellers,v125184,1.2,2076319
1981/02,Canada,Total non-resident travellers,v125184,1.2,2369408
1981/03,Canada,Total non-resident travellers,v125184,1.2,2989666
1981/04,Canada,Total non-resident travellers,v125184,1.2,3154205
1981/05,Canada,Total non-resident travellers,v125184,1.2,4038242
1981/06,Canada,Total non-resident travellers,v125184,1.2,4571875
1981/07,Canada,Total non-resident travellers,v125184,1.2,6201347
1981/08,Canada,Total non-resident travellers,v125184,1.2,6209644
1981/09,Canada,Total non-resident travellers,v125184,1.2,3580721
1981/10,Canada,Total non-resident travellers,v125184,1.2,2708071
1981/11,Canada,Total non-resident travellers,v125184,1.2,2107412
1981/12,Canada,Total non-resident travellers,v125184,1.2,1946538
1982/01,Canada,Total non-resident travellers,v125184,1.2,1474383
1982/02,Canada,Total non-resident travellers,v125184,1.2,1531236
1982/03,Canada,Total non-resident travellers,v125184,1.2,1737722
1982/04,Canada,Total non-resident travellers,v125184,1.2,2068279
1982/05,Canada,Total non-resident travellers,v125184,1.2,3034382
1982/06,Canada,Total non-resident travellers,v125184,1.2,3792995
1982/07,Canada,Total non-resident travellers,v125184,1.2,5844355
1982/08,Canada,Total non-resident travellers,v125184,1.2,5541171
1982/09,Canada,Total non-resident travellers,v125184,1.2,3275825
1982/10,Canada,Total non-resident travellers,v125184,1.2,2499791
1982/11,Canada,Total non-resident travellers,v125184,1.2,1801493
1982/12,Canada,Total non-resident travellers,v125184,1.2,1804869
1983/01,Canada,Total non-resident travellers,v125184,1.2,1498288
1983/02,Canada,Total non-resident travellers,v125184,1.2,1535919
1983/03,Canada,Total non-resident travellers,v125184,1.2,1839687
1983/04,Canada,Total non-resident travellers,v125184,1.2,2159471
1983/05,Canada,Total non-resident travellers,v125184,1.2,2868121
1983/06,Canada,Total non-resident travellers,v125184,1.2,3847168
1983/07,Canada,Total non-resident travellers,v125184,1.2,5758986
1983/08,Canada,Total non-resident travellers,v125184,1.2,5435603
1983/09,Canada,Total non-resident travellers,v125184,1.2,3409150
1983/10,Canada,Total non-resident travellers,v125184,1.2,2432948
1983/11,Canada,Total non-resident travellers,v125184,1.2,1790155
1983/12,Canada,Total non-resident travellers,v125184,1.2,1680012
1984/01,Canada,Total non-resident travellers,v125184,1.2,1429713
1984/02,Canada,Total non-resident travellers,v125184,1.2,1576265
1984/03,Canada,Total non-resident travellers,v125184,1.2,1759401
1984/04,Canada,Total non-resident travellers,v125184,1.2,2143847
1984/05,Canada,Total non-resident travellers,v125184,1.2,2862749
1984/06,Canada,Total non-resident travellers,v125184,1.2,4055692
1984/07,Canada,Total non-resident travellers,v125184,1.2,5664781
1984/08,Canada,Total non-resident travellers,v125184,1.2,5640899
1984/09,Canada,Total non-resident travellers,v125184,1.2,3359186
1984/10,Canada,Total non-resident travellers,v125184,1.2,2470318
1984/11,Canada,Total non-resident travellers,v125184,1.2,1992384
1984/12,Canada,Total non-resident travellers,v125184,1.2,1909746
1985/01,Canada,Total non-resident travellers,v125184,1.2,1433526
1985/02,Canada,Total non-resident travellers,v125184,1.2,1481016
1985/03,Canada,Total non-resident travellers,v125184,1.2,1998905
1985/04,Canada,Total non-resident travellers,v125184,1.2,2226571
1985/05,Canada,Total non-resident travellers,v125184,1.2,3106593
1985/06,Canada,Total non-resident travellers,v125184,1.2,4203822
1985/07,Canada,Total non-resident travellers,v125184,1.2,5787768
1985/08,Canada,Total non-resident travellers,v125184,1.2,5910665
1985/09,Canada,Total non-resident travellers,v125184,1.2,3333010
1985/10,Canada,Total non-resident travellers,v125184,1.2,2581920
1985/11,Canada,Total non-resident travellers,v125184,1.2,2000359
1985/12,Canada,Total non-resident travellers,v125184,1.2,1861262
1986/01,Canada,Total non-resident travellers,v125184,1.2,1681562
1986/02,Canada,Total non-resident travellers,v125184,1.2,1654291
1986/03,Canada,Total non-resident travellers,v125184,1.2,2213195
1986/04,Canada,Total non-resident travellers,v125184,1.2,2284816
1986/05,Canada,Total non-resident travellers,v125184,1.2,3571555
1986/06,Canada,Total non-resident travellers,v125184,1.2,4636495
1986/07,Canada,Total non-resident travellers,v125184,1.2,6501464
1986/08,Canada,Total non-resident travellers,v125184,1.2,6713247
1986/09,Canada,Total non-resident travellers,v125184,1.2,3874261
1986/10,Canada,Total non-resident travellers,v125184,1.2,2934471
1986/11,Canada,Total non-resident travellers,v125184,1.2,2182073
1986/12,Canada,Total non-resident travellers,v125184,1.2,2211911
1987/01,Canada,Total non-resident travellers,v125184,1.2,1795404
1987/02,Canada,Total non-resident travellers,v125184,1.2,1824997
1987/03,Canada,Total non-resident travellers,v125184,1.2,2145797
1987/04,Canada,Total non-resident travellers,v125184,1.2,2491812
1987/05,Canada,Total non-resident travellers,v125184,1.2,3552979
1987/06,Canada,Total non-resident travellers,v125184,1.2,4310144
1987/07,Canada,Total non-resident travellers,v125184,1.2,6156736
1987/08,Canada,Total non-resident travellers,v125184,1.2,6149930
1987/09,Canada,Total non-resident travellers,v125184,1.2,3835779
1987/10,Canada,Total non-resident travellers,v125184,1.2,2863164
1987/11,Canada,Total non-resident travellers,v125184,1.2,2227605
1987/12,Canada,Total non-resident travellers,v125184,1.2,2240903
1988/01,Canada,Total non-resident travellers,v125184,1.2,1949129
1988/02,Canada,Total non-resident travellers,v125184,1.2,1808668
1988/03,Canada,Total non-resident travellers,v125184,1.2,2159843
1988/04,Canada,Total non-resident travellers,v125184,1.2,2501711
1988/05,Canada,Total non-resident travellers,v125184,1.2,3414536
1988/06,Canada,Total non-resident travellers,v125184,1.2,4238452
1988/07,Canada,Total non-resident travellers,v125184,1.2,6332661
1988/08,Canada,Total non-resident travellers,v125184,1.2,5766725
1988/09,Canada,Total non-resident travellers,v125184,1.2,3840328
1988/10,Canada,Total non-resident travellers,v125184,1.2,2822951
1988/11,Canada,Total non-resident travellers,v125184,1.2,2209289
1988/12,Canada,Total non-resident travellers,v125184,1.2,2208622
1989/01,Canada,Total non-resident travellers,v125184,1.2,1846990
1989/02,Canada,Total non-resident travellers,v125184,1.2,1727992
1989/03,Canada,Total non-resident travellers,v125184,1.2,2254372
1989/04,Canada,Total non-resident travellers,v125184,1.2,2351285
1989/05,Canada,Total non-resident travellers,v125184,1.2,3236981
1989/06,Canada,Total non-resident travellers,v125184,1.2,4186788
1989/07,Canada,Total non-resident travellers,v125184,1.2,5913137
1989/08,Canada,Total non-resident travellers,v125184,1.2,5708564
1989/09,Canada,Total non-resident travellers,v125184,1.2,3781300
1989/10,Canada,Total non-resident travellers,v125184,1.2,2764604
1989/11,Canada,Total non-resident travellers,v125184,1.2,2156081
1989/12,Canada,Total non-resident travellers,v125184,1.2,2053831
1990/01,Canada,Total non-resident travellers,v125184,1.2,1852514
1990/02,Canada,Total non-resident travellers,v125184,1.2,1721936
1990/03,Canada,Total non-resident travellers,v125184,1.2,2216404
1990/04,Canada,Total non-resident travellers,v125184,1.2,2465442
1990/05,Canada,Total non-resident travellers,v125184,1.2,3244040
1990/06,Canada,Total non-resident travellers,v125184,1.2,4278689
1990/07,Canada,Total non-resident travellers,v125184,1.2,5635015
1990/08,Canada,Total non-resident travellers,v125184,1.2,5773933
1990/09,Canada,Total non-resident travellers,v125184,1.2,3652984
1990/10,Canada,Total non-resident travellers,v125184,1.2,2761067
1990/11,Canada,Total non-resident travellers,v125184,1.2,2242776
1990/12,Canada,Total non-resident travellers,v125184,1.2,2145670
1991/01,Canada,Total non-resident travellers,v125184,1.2,1686542
1991/02,Canada,Total non-resident travellers,v125184,1.2,1812730
1991/03,Canada,Total non-resident travellers,v125184,1.2,2270457
1991/04,Canada,Total non-resident travellers,v125184,1.2,2289734
1991/05,Canada,Total non-resident travellers,v125184,1.2,3226032
1991/06,Canada,Total non-resident travellers,v125184,1.2,4214189
1991/07,Canada,Total non-resident travellers,v125184,1.2,5457756
1991/08,Canada,Total non-resident travellers,v125184,1.2,5683747
1991/09,Canada,Total non-resident travellers,v125184,1.2,3460443
1991/10,Canada,Total non-resident travellers,v125184,1.2,2633076
1991/11,Canada,Total non-resident travellers,v125184,1.2,2010467
1991/12,Canada,Total non-resident travellers,v125184,1.2,2072516
1992/01,Canada,Total non-resident travellers,v125184,1.2,1769683
1992/02,Canada,Total non-resident travellers,v125184,1.2,1837686
1992/03,Canada,Total non-resident travellers,v125184,1.2,1994810
1992/04,Canada,Total non-resident travellers,v125184,1.2,2286785
1992/05,Canada,Total non-resident travellers,v125184,1.2,3190872
1992/06,Canada,Total non-resident travellers,v125184,1.2,3934542
1992/07,Canada,Total non-resident travellers,v125184,1.2,5277347
1992/08,Canada,Total non-resident travellers,v125184,1.2,5203691
1992/09,Canada,Total non-resident travellers,v125184,1.2,3434786
1992/10,Canada,Total non-resident travellers,v125184,1.2,2656638
1992/11,Canada,Total non-resident travellers,v125184,1.2,2051275
1992/12,Canada,Total non-resident travellers,v125184,1.2,2092688
1993/01,Canada,Total non-resident travellers,v125184,1.2,1781569
1993/02,Canada,Total non-resident travellers,v125184,1.2,1722853
1993/03,Canada,Total non-resident travellers,v125184,1.2,1899985
1993/04,Canada,Total non-resident travellers,v125184,1.2,2292506
1993/05,Canada,Total non-resident travellers,v125184,1.2,3151381
1993/06,Canada,Total non-resident travellers,v125184,1.2,3882762
1993/07,Canada,Total non-resident travellers,v125184,1.2,5522246
1993/08,Canada,Total non-resident travellers,v125184,1.2,5304015
1993/09,Canada,Total non-resident travellers,v125184,1.2,3569714
1993/10,Canada,Total non-resident travellers,v125184,1.2,2716899
1993/11,Canada,Total non-resident travellers,v125184,1.2,2054485
1993/12,Canada,Total non-resident travellers,v125184,1.2,2202046
1994/01,Canada,Total non-resident travellers,v125184,1.2,1642424
1994/02,Canada,Total non-resident travellers,v125184,1.2,1755597
1994/03,Canada,Total non-resident travellers,v125184,1.2,2076269
1994/04,Canada,Total non-resident travellers,v125184,1.2,2354311
1994/05,Canada,Total non-resident travellers,v125184,1.2,3255477
1994/06,Canada,Total non-resident travellers,v125184,1.2,4200278
1994/07,Canada,Total non-resident travellers,v125184,1.2,5938381
1994/08,Canada,Total non-resident travellers,v125184,1.2,5550503
1994/09,Canada,Total non-resident travellers,v125184,1.2,3964188
1994/10,Canada,Total non-resident travellers,v125184,1.2,3035883
1994/11,Canada,Total non-resident travellers,v125184,1.2,2382800
1994/12,Canada,Total non-resident travellers,v125184,1.2,2494672
1995/01,Canada,Total non-resident travellers,v125184,1.2,2034010
1995/02,Canada,Total non-resident travellers,v125184,1.2,2069193
1995/03,Canada,Total non-resident travellers,v125184,1.2,2344959
1995/04,Canada,Total non-resident travellers,v125184,1.2,2749245
1995/05,Canada,Total non-resident travellers,v125184,1.2,3544194
1995/06,Canada,Total non-resident travellers,v125184,1.2,4519384
1995/07,Canada,Total non-resident travellers,v125184,1.2,6101331
1995/08,Canada,Total non-resident travellers,v125184,1.2,5895101
1995/09,Canada,Total non-resident travellers,v125184,1.2,4230453
1995/10,Canada,Total non-resident travellers,v125184,1.2,3159901
1995/11,Canada,Total non-resident travellers,v125184,1.2,2442519
1995/12,Canada,Total non-resident travellers,v125184,1.2,2566622
1996/01,Canada,Total non-resident travellers,v125184,1.2,2073072
1996/02,Canada,Total non-resident travellers,v125184,1.2,2292839
1996/03,Canada,Total non-resident travellers,v125184,1.2,2653757
1996/04,Canada,Total non-resident travellers,v125184,1.2,2843038
1996/05,Canada,Total non-resident travellers,v125184,1.2,3791533
1996/06,Canada,Total non-resident travellers,v125184,1.2,4809994
1996/07,Canada,Total non-resident travellers,v125184,1.2,6067649
1996/08,Canada,Total non-resident travellers,v125184,1.2,6241234
1996/09,Canada,Total non-resident travellers,v125184,1.2,3979988
1996/10,Canada,Total non-resident travellers,v125184,1.2,3235881
1996/11,Canada,Total non-resident travellers,v125184,1.2,2557726
1996/12,Canada,Total non-resident travellers,v125184,1.2,2709747
1997/01,Canada,Total non-resident travellers,v125184,1.2,2238845
1997/02,Canada,Total non-resident travellers,v125184,1.2,2440987
1997/03,Canada,Total non-resident travellers,v125184,1.2,2880830
1997/04,Canada,Total non-resident travellers,v125184,1.2,2928669
1997/05,Canada,Total non-resident travellers,v125184,1.2,3980642
1997/06,Canada,Total non-resident travellers,v125184,1.2,4783026
1997/07,Canada,Total non-resident travellers,v125184,1.2,6271199
1997/08,Canada,Total non-resident travellers,v125184,1.2,6448931
1997/09,Canada,Total non-resident travellers,v125184,1.2,4084412
1997/10,Canada,Total non-resident travellers,v125184,1.2,3410418
1997/11,Canada,Total non-resident travellers,v125184,1.2,2746984
1997/12,Canada,Total non-resident travellers,v125184,1.2,2861225
1998/01,Canada,Total non-resident travellers,v125184,1.2,2497602
1998/02,Canada,Total non-resident travellers,v125184,1.2,2650729
1998/03,Canada,Total non-resident travellers,v125184,1.2,2776877
1998/04,Canada,Total non-resident travellers,v125184,1.2,3114238
1998/05,Canada,Total non-resident travellers,v125184,1.2,4103534
1998/06,Canada,Total non-resident travellers,v125184,1.2,4981655
1998/07,Canada,Total non-resident travellers,v125184,1.2,6523395
1998/08,Canada,Total non-resident travellers,v125184,1.2,6669370
1998/09,Canada,Total non-resident travellers,v125184,1.2,4629108
1998/10,Canada,Total non-resident travellers,v125184,1.2,3823445
1998/11,Canada,Total non-resident travellers,v125184,1.2,3087191
1998/12,Canada,Total non-resident travellers,v125184,1.2,3206585
1999/01,Canada,Total non-resident travellers,v125184,1.2,2390240
1999/02,Canada,Total non-resident travellers,v125184,1.2,2769136
1999/03,Canada,Total non-resident travellers,v125184,1.2,3009928
1999/04,Canada,Total non-resident travellers,v125184,1.2,3405892
1999/05,Canada,Total non-resident travellers,v125184,1.2,4272012
1999/06,Canada,Total non-resident travellers,v125184,1.2,5085442
1999/07,Canada,Total non-resident travellers,v125184,1.2,7006165
1999/08,Canada,Total non-resident travellers,v125184,1.2,6461759
1999/09,Canada,Total non-resident travellers,v125184,1.2,4684970
1999/10,Canada,Total non-resident travellers,v125184,1.2,3813969
1999/11,Canada,Total non-resident travellers,v125184,1.2,3104939
1999/12,Canada,Total non-resident travellers,v125184,1.2,3051031
2000/01,Canada,Total non-resident travellers,v125184,1.2,2564365
2000/02,Canada,Total non-resident travellers,v125184,1.2,2776276
2000/03,Canada,Total non-resident travellers,v125184,1.2,3100653
2000/04,Canada,Total non-resident travellers,v125184,1.2,3441617
2000/05,Canada,Total non-resident travellers,v125184,1.2,4195367
2000/06,Canada,Total non-resident travellers,v125184,1.2,5146386
2000/07,Canada,Total non-resident travellers,v125184,1.2,6668533
2000/08,Canada,Total non-resident travellers,v125184,1.2,6304853
2000/09,Canada,Total non-resident travellers,v125184,1.2,4749119
2000/10,Canada,Total non-resident travellers,v125184,1.2,3682432
2000/11,Canada,Total non-resident travellers,v125184,1.2,2969891
2000/12,Canada,Total non-resident travellers,v125184,1.2,3038015
2001/01,Canada,Total non-resident travellers,v125184,1.2,2711389
2001/02,Canada,Total non-resident travellers,v125184,1.2,2801484
2001/03,Canada,Total non-resident travellers,v125184,1.2,3252550
2001/04,Canada,Total non-resident travellers,v125184,1.2,3455446
2001/05,Canada,Total non-resident travellers,v125184,1.2,4293937
2001/06,Canada,Total non-resident travellers,v125184,1.2,5430183
2001/07,Canada,Total non-resident travellers,v125184,1.2,6854300
2001/08,Canada,Total non-resident travellers,v125184,1.2,6731432
2001/09,Canada,Total non-resident travellers,v125184,1.2,3614253
2001/10,Canada,Total non-resident travellers,v125184,1.2,2692577
2001/11,Canada,Total non-resident travellers,v125184,1.2,2510445
2001/12,Canada,Total non-resident travellers,v125184,1.2,2798651
2002/01,Canada,Total non-resident travellers,v125184,1.2,2346588
2002/02,Canada,Total non-resident travellers,v125184,1.2,2522409
2002/03,Canada,Total non-resident travellers,v125184,1.2,2993018
2002/04,Canada,Total non-resident travellers,v125184,1.2,2971116
2002/05,Canada,Total non-resident travellers,v125184,1.2,3852637
2002/06,Canada,Total non-resident travellers,v125184,1.2,4784577
2002/07,Canada,Total non-resident travellers,v125184,1.2,6154626
2002/08,Canada,Total non-resident travellers,v125184,1.2,6256102
2002/09,Canada,Total non-resident travellers,v125184,1.2,3987390
2002/10,Canada,Total non-resident travellers,v125184,1.2,3325417
2002/11,Canada,Total non-resident travellers,v125184,1.2,2761005
2002/12,Canada,Total non-resident travellers,v125184,1.2,2941375
2003/01,Canada,Total non-resident travellers,v125184,1.2,2391075
2003/02,Canada,Total non-resident travellers,v125184,1.2,2333943
2003/03,Canada,Total non-resident travellers,v125184,1.2,2475616
2003/04,Canada,Total non-resident travellers,v125184,1.2,2408901
2003/05,Canada,Total non-resident travellers,v125184,1.2,3097651
2003/06,Canada,Total non-resident travellers,v125184,1.2,3993119
2003/07,Canada,Total non-resident travellers,v125184,1.2,5303604
2003/08,Canada,Total non-resident travellers,v125184,1.2,5454479
2003/09,Canada,Total non-resident travellers,v125184,1.2,3453640
2003/10,Canada,Total non-resident travellers,v125184,1.2,2994876
2003/11,Canada,Total non-resident travellers,v125184,1.2,2432472
2003/12,Canada,Total non-resident travellers,v125184,1.2,2563255
2004/01,Canada,Total non-resident travellers,v125184,1.2,2005306
2004/02,Canada,Total non-resident travellers,v125184,1.2,2233225
2004/03,Canada,Total non-resident travellers,v125184,1.2,2377627
2004/04,Canada,Total non-resident travellers,v125184,1.2,2546812
2004/05,Canada,Total non-resident travellers,v125184,1.2,3285013
2004/06,Canada,Total non-resident travellers,v125184,1.2,4202184
2004/07,Canada,Total non-resident travellers,v125184,1.2,5616279
2004/08,Canada,Total non-resident travellers,v125184,1.2,5189920
2004/09,Canada,Total non-resident travellers,v125184,1.2,3736616
2004/10,Canada,Total non-resident travellers,v125184,1.2,2978471
2004/11,Canada,Total non-resident travellers,v125184,1.2,2253271
2004/12,Canada,Total non-resident travellers,v125184,1.2,2419942
2005/01,Canada,Total non-resident travellers,v125184,1.2,1900770
2005/02,Canada,Total non-resident travellers,v125184,1.2,2064546
2005/03,Canada,Total non-resident travellers,v125184,1.2,2298874
2005/04,Canada,Total non-resident travellers,v125184,1.2,2359911
2005/05,Canada,Total non-resident travellers,v125184,1.2,3075618
2005/06,Canada,Total non-resident travellers,v125184,1.2,4021445
2005/07,Canada,Total non-resident travellers,v125184,1.2,5344767
2005/08,Canada,Total non-resident travellers,v125184,1.2,4724018
2005/09,Canada,Total non-resident travellers,v125184,1.2,3436087
2005/10,Canada,Total non-resident travellers,v125184,1.2,2612637
2005/11,Canada,Total non-resident travellers,v125184,1.2,2025479
2005/12,Canada,Total non-resident travellers,v125184,1.2,2295954
2006/01,Canada,Total non-resident travellers,v125184,1.2,1833564
2006/02,Canada,Total non-resident travellers,v125184,1.2,1825365
2006/03,Canada,Total non-resident travellers,v125184,1.2,2076804
2006/04,Canada,Total non-resident travellers,v125184,1.2,2297236
2006/05,Canada,Total non-resident travellers,v125184,1.2,2865733
2006/06,Canada,Total non-resident travellers,v125184,1.2,3755910
2006/07,Canada,Total non-resident travellers,v125184,1.2,4805944
2006/08,Canada,Total non-resident travellers,v125184,1.2,4380312
2006/09,Canada,Total non-resident travellers,v125184,1.2,3182245
2006/10,Canada,Total non-resident travellers,v125184,1.2,2331097
2006/11,Canada,Total non-resident travellers,v125184,1.2,1855101
2006/12,Canada,Total non-resident travellers,v125184,1.2,2180900
2007/01,Canada,Total non-resident travellers,v125184,1.2,1561001
2007/02,Canada,Total non-resident travellers,v125184,1.2,1543350
2007/03,Canada,Total non-resident travellers,v125184,1.2,1821188
2007/04,Canada,Total non-resident travellers,v125184,1.2,1930730
2007/05,Canada,Total non-resident travellers,v125184,1.2,2653574
2007/06,Canada,Total non-resident travellers,v125184,1.2,3594044
2007/07,Canada,Total non-resident travellers,v125184,1.2,4370709
2007/08,Canada,Total non-resident travellers,v125184,1.2,4237180
2007/09,Canada,Total non-resident travellers,v125184,1.2,2986680
2007/10,Canada,Total non-resident travellers,v125184,1.2,2185303
2007/11,Canada,Total non-resident travellers,v125184,1.2,1649240
2007/12,Canada,Total non-resident travellers,v125184,1.2,1840470
2008/01,Canada,Total non-resident travellers,v125184,1.2,1380869
2008/02,Canada,Total non-resident travellers,v125184,1.2,1403908
2008/03,Canada,Total non-resident travellers,v125184,1.2,1591223
2008/04,Canada,Total non-resident travellers,v125184,1.2,1676030
2008/05,Canada,Total non-resident travellers,v125184,1.2,2460246
2008/06,Canada,Total non-resident travellers,v125184,1.2,3129440
2008/07,Canada,Total non-resident travellers,v125184,1.2,3978381
2008/08,Canada,Total non-resident travellers,v125184,1.2,3967054
2008/09,Canada,Total non-resident travellers,v125184,1.2,2540740
2008/10,Canada,Total non-resident travellers,v125184,1.2,2009357
2008/11,Canada,Total non-resident travellers,v125184,1.2,1529740
2008/12,Canada,Total non-resident travellers,v125184,1.2,1703121
2009/01,Canada,Total non-resident travellers,v125184,1.2,1304991
2009/02,Canada,Total non-resident travellers,v125184,1.2,1328062
2009/03,Canada,Total non-resident travellers,v125184,1.2,1470066
2009/04,Canada,Total non-resident travellers,v125184,1.2,1717551
2009/05,Canada,Total non-resident travellers,v125184,1.2,2344317
2009/06,Canada,Total non-resident travellers,v125184,1.2,2629037
2009/07,Canada,Total non-resident travellers,v125184,1.2,3513120
2009/08,Canada,Total non-resident travellers,v125184,1.2,3339370
2009/09,Canada,Total non-resident travellers,v125184,1.2,2416355
2009/10,Canada,Total non-resident travellers,v125184,1.2,1772354
2009/11,Canada,Total non-resident travellers,v125184,1.2,1303502
2009/12,Canada,Total non-resident travellers,v125184,1.2,1556989
2010/01,Canada,Total non-resident travellers,v125184,1.2,1244702
2010/02,Canada,Total non-resident travellers,v125184,1.2,1372605
2010/03,Canada,Total non-resident travellers,v125184,1.2,1460609
2010/04,Canada,Total non-resident travellers,v125184,1.2,1633037
2010/05,Canada,Total non-resident travellers,v125184,1.2,2187652
2010/06,Canada,Total non-resident travellers,v125184,1.2,2893275
2010/07,Canada,Total non-resident travellers,v125184,1.2,3830921
2010/08,Canada,Total non-resident travellers,v125184,1.2,3491727
2010/09,Canada,Total non-resident travellers,v125184,1.2,2553089
2010/10,Canada,Total non-resident travellers,v125184,1.2,1930151
2010/11,Canada,Total non-resident travellers,v125184,1.2,1397497
2010/12,Canada,Total non-resident travellers,v125184,1.2,1625927
2011/01,Canada,Total non-resident travellers,v125184,1.2,1205792
2011/02,Canada,Total non-resident travellers,v125184,1.2,1193439
2011/03,Canada,Total non-resident travellers,v125184,1.2,1356547
2011/04,Canada,Total non-resident travellers,v125184,1.2,1611380
2011/05,Canada,Total non-resident travellers,v125184,1.2,2136897
2011/06,Canada,Total non-resident travellers,v125184,1.2,2906869
2011/07,Canada,Total non-resident travellers,v125184,1.2,3776101
2011/08,Canada,Total non-resident travellers,v125184,1.2,3373611
2011/09,Canada,Total non-resident travellers,v125184,1.2,2533444
2011/10,Canada,Total non-resident travellers,v125184,1.2,1872151
2011/11,Canada,Total non-resident travellers,v125184,1.2,1397947
2011/12,Canada,Total non-resident travellers,v125184,1.2,1701964
2012/01,Canada,Total non-resident travellers,v125184,1.2,1229844
2012/02,Canada,Total non-resident travellers,v125184,1.2,1300647
2012/03,Canada,Total non-resident travellers,v125184,1.2,1453396
2012/04,Canada,Total non-resident travellers,v125184,1.2,1647167
2012/05,Canada,Total non-resident travellers,v125184,1.2,2181573
2012/06,Canada,Total non-resident travellers,v125184,1.2,3012675
2012/07,Canada,Total non-resident travellers,v125184,1.2,3615870
2012/08,Canada,Total non-resident travellers,v125184,1.2,3525676
2012/09,Canada,Total non-resident travellers,v125184,1.2,2474048
2012/10,Canada,Total non-resident travellers,v125184,1.2,1818448
2012/11,Canada,Total non-resident travellers,v125184,1.2,1381083
2012/12,Canada,Total non-resident travellers,v125184,1.2,1677519
2013/01,Canada,Total non-resident travellers,v125184,1.2,1215381
2013/02,Canada,Total non-resident travellers,v125184,1.2,1222836
2013/03,Canada,Total non-resident travellers,v125184,1.2,1503770
2013/04,Canada,Total non-resident travellers,v125184,1.2,1500208
2013/05,Canada,Total non-resident travellers,v125184,1.2,2189503
2013/06,Canada,Total non-resident travellers,v125184,1.2,2972332
2013/07,Canada,Total non-resident travellers,v125184,1.2,3614835
2013/08,Canada,Total non-resident travellers,v125184,1.2,3659252
2013/09,Canada,Total non-resident travellers,v125184,1.2,2404546
2013/10,Canada,Total non-resident travellers,v125184,1.2,1851349
2013/11,Canada,Total non-resident travellers,v125184,1.2,1393804
2013/12,Canada,Total non-resident travellers,v125184,1.2,1639199
2014/01,Canada,Total non-resident travellers,v125184,1.2,1189185
2014/02,Canada,Total non-resident travellers,v125184,1.2,1188099
2014/03,Canada,Total non-resident travellers,v125184,1.2,1355674
2014/04,Canada,Total non-resident travellers,v125184,1.2,1615335
2014/05,Canada,Total non-resident travellers,v125184,1.2,2264944
2014/06,Canada,Total non-resident travellers,v125184,1.2,3004316
2014/07,Canada,Total non-resident travellers,v125184,1.2,3687564
2014/08,Canada,Total non-resident travellers,v125184,1.2,3750119
2014/09,Canada,Total non-resident travellers,v125184,1.2,2455033
2014/10,Canada,Total non-resident travellers,v125184,1.2,1951935
2014/11,Canada,Total non-resident travellers,v125184,1.2,1370006
2014/12,Canada,Total non-resident travellers,v125184,1.2,1725804
2015/01,Canada,Total non-resident travellers,v125184,1.2,1260127
2015/02,Canada,Total non-resident travellers,v125184,1.2,1255498
2015/03,Canada,Total non-resident travellers,v125184,1.2,1448210
2015/04,Canada,Total non-resident travellers,v125184,1.2,1687028
2015/05,Canada,Total non-resident travellers,v125184,1.2,2453533
2015/06,Canada,Total non-resident travellers,v125184,1.2,3306450
2015/07,Canada,Total non-resident travellers,v125184,1.2,4083433
2015/08,Canada,Total non-resident travellers,v125184,1.2,3801481
2015/09,Canada,Total non-resident travellers,v125184,1.2,2789062
2015/10,Canada,Total non-resident travellers,v125184,1.2,2073074
2015/11,Canada,Total non-resident travellers,v125184,1.2,1510420
2015/12,Canada,Total non-resident travellers,v125184,1.2,1886627
2016/01,Canada,Total non-resident travellers,v125184,1.2,1410197
2016/02,Canada,Total non-resident travellers,v125184,1.2,1479870
2016/03,Canada,Total non-resident travellers,v125184,1.2,1722059
2016/04,Canada,Total non-resident travellers,v125184,1.2,1848966
2016/05,Canada,Total non-resident travellers,v125184,1.2,2584792
2016/06,Canada,Total non-resident travellers,v125184,1.2,3487950
2016/07,Canada,Total non-resident travellers,v125184,1.2,4562023
2016/08,Canada,Total non-resident travellers,v125184,1.2,4020786
2016/09,Canada,Total non-resident travellers,v125184,1.2,3078069
2016/10,Canada,Total non-resident travellers,v125184,1.2,2273851
2016/11,Canada,Total non-resident travellers,v125184,1.2,1647833
